Dates,Total Cases,Confirmed Positive,Positivity Rate,Total Tests,Daily New Cases
2020-03-11,103,103,0.021254643,4846,35
2020-03-12,141,138,0.020922986,6739,14
2020-03-13,179,176,0.01810092,9889,72
2020-03-14,199,193,0.015065486,13209,23
2020-03-15,253,249,0.014576252,17357,60
2020-03-16,341,324,0.015587859,21876,154
2020-03-17,440,424,0.016352622,26907,82
2020-03-18,597,569,0.017459714,34193,200
2020-03-19,873,846,0.02039672,42801,189
2020-03-20,1004,971,0.020052728,50068,254
2020-03-21,1371,1302,0.023558725,58195,478
2020-03-22,1471,1430,0.02140259,68730,392
2020-03-23,2091,1646,0.026177748,79877,555
2020-03-24,2792,1959,0.030861741,90468,585
2020-03-25,3409,3385,0.033573637,101538,498
2020-03-26,4043,4018,0.035954077,112449,867
2020-03-27,4689,4675,0.037612501,124666,699
2020-03-28,5425,5386,0.039554366,137153,836
2020-03-29,6258,6255,0.041010518,152595,930
2020-03-30,7437,7424,0.045149893,164718,1106
2020-03-31,8548,8536,0.047936832,178318,1125
2020-04-01,9613,9595,0.049979463,192339,1281
2020-04-02,11283,11268,0.05404771,208760,1692
2020-04-03,12537,12519,0.05606436,223618,1340
2020-04-04,13904,13882,0.058253973,238679,1347
2020-04-05,15512,15496,0.061758722,251171,1569
2020-04-06,16667,16653,0.063619603,261979,1046
2020-04-07,17897,17883,0.066328176,269825,1337
2020-04-08,19289,19274,0.069247394,278552,1296
2020-04-09,20765,20748,0.071757107,289379,1379
2020-04-10,22148,22133,0.07382396,300011,1244
2020-04-11,23317,23301,0.074633267,312421,1307
2020-04-12,24383,24365,0.075143458,324486,1219
2020-04-13,25680,25663,0.076447911,335915,1634
2020-04-14,27063,27046,0.077972479,347084,1626
2020-04-15,28381,28364,0.078903837,359691,1660
2020-04-16,30092,30081,0.080844227,372222,2567
2020-04-17,31884,31872,0.082575579,386119,2086
2020-04-18,33353,33340,0.083432142,399762,1482
2020-04-19,34785,34776,0.083682562,415678,1668
2020-04-20,36830,36822,0.083955841,438683,1565
2020-04-21,38421,38412,0.083513928,460055,1743
2020-04-22,40190,40179,0.083523837,481180,2307
2020-04-23,42110,42099,0.083324759,505372,1669
2020-04-24,43888,43877,0.082752743,530351,1697
2020-04-25,45354,45341,0.081117625,559114,1563
2020-04-26,46895,46884,0.080014537,586081,1432
2020-04-27,48500,48489,0.07904185,613599,1619
2020-04-28,50026,50015,0.078095339,640576,1676
2020-04-29,51597,51587,0.077667725,664330,1764
2020-04-30,53236,53225,0.076918631,692108,1655
2020-05-01,55061,55050,0.076179052,722784,1833
2020-05-02,56714,56703,0.074916648,757028,1474
2020-05-03,59474,59463,0.075345537,789350,1160
2020-05-04,60772,60761,0.073799985,823469,1560
2020-05-05,62046,62035,0.072820354,852042,1357
2020-05-06,63495,63484,0.07264417,874055,1603
2020-05-07,64921,64910,0.071973863,902008,1443
2020-05-08,66433,66422,0.071163524,933526,1339
2020-05-09,67701,67690,0.070006091,967073,1160
2020-05-10,68847,68836,0.068615628,1003372,1091
2020-05-11,69980,69969,0.067456974,1037402,1150
2020-05-12,71155,71144,0.066804554,1065122,1197
2020-05-13,72276,72265,0.066354827,1089235,1224
2020-05-14,73487,73476,0.065577793,1120608,1121
2020-05-15,74613,74602,0.064554337,1155817,1263
2020-05-16,75864,75853,0.063570219,1193389,1180
2020-05-17,77002,76991,0.062540051,1231243,1121
2020-05-18,78072,78061,0.061652565,1266322,1041
2020-05-19,79112,79101,0.061314774,1290260,1150
2020-05-20,80123,80112,0.061211752,1308948,1305
2020-05-21,81324,81313,0.061123851,1330479,1162
2020-05-22,82480,82469,0.06071304,1358522,1164
2020-05-23,83621,83610,0.060179211,1389533,1009
2020-05-24,84699,84688,0.059613682,1420798,926
2020-05-25,85711,85700,0.059017583,1452296,948
2020-05-26,86647,86636,0.058624651,1477996,805
2020-05-27,87519,87508,0.058303788,1501086,878
2020-05-28,88512,88501,0.057705322,1533862,839
2020-05-29,89418,89407,0.056854663,1572747,835
2020-05-30,90190,90179,0.055912261,1613063,751
2020-05-31,90947,90936,0.054948985,1655117,683
2020-06-01,91705,91694,0.054148864,1693572,842
2020-06-02,92410,92399,0.053569928,1725035,661
2020-06-03,93085,93074,0.053053157,1754561,667
2020-06-04,93726,93715,0.052353523,1790252,625
2020-06-05,94335,94324,0.051508452,1831447,666
2020-06-06,95057,95046,0.050727666,1873869,548
2020-06-07,95699,95688,0.04989229,1918112,667
2020-06-08,96244,96233,0.049198563,1956236,521
2020-06-09,96653,96642,0.048661682,1986224,489
2020-06-10,97125,97114,0.048233715,2013633,495
2020-06-11,97530,97519,0.047510763,2052798,449
2020-06-12,97943,97932,0.046707895,2096926,430
2020-06-13,98410,98399,0.045841538,2146743,411
2020-06-14,98787,98776,0.045021035,2194241,327
2020-06-15,99147,99136,0.044326981,2236719,369
2020-06-16,99467,99456,0.043734465,2274339,366
2020-06-17,99853,99842,0.043207665,2311002,408
2020-06-18,100220,100209,0.042556679,2354977,401
2020-06-19,100629,100618,0.041892966,2402050,403
2020-06-20,101019,101008,0.041192246,2452379,419
2020-06-21,101337,101326,0.040526565,2500508,305
2020-06-22,101637,101626,0.039946893,2544303,356
2020-06-23,101963,101952,0.039497441,2581509,394
2020-06-24,102242,102231,0.039131844,2612757,356
2020-06-25,102622,102611,0.038660873,2654415,324
2020-06-26,102794,102783,0.038049459,2701589,251
2020-06-27,103032,103021,0.037461087,2750374,337
2020-06-28,103250,103239,0.036823815,2803892,373
2020-06-29,103918,103907,0.036441474,2851641,384
2020-06-30,104204,104193,0.035999858,2894567,297
2020-07-01,104204,104193,0.035514143,2934155,197
2020-07-02,104771,104760,0.035164933,2979417,357
2020-07-03,105090,105079,0.034752766,3023932,320
2020-07-04,105316,105305,0.03435781,3065271,213
2020-07-05,105535,105524,0.033994005,3104518,187
2020-07-06,105934,105923,0.033682193,3145104,415
2020-07-07,106166,106155,0.033414662,3177228,255
2020-07-08,106433,106422,0.033176366,3208097,329
2020-07-09,106804,106793,0.032861263,3250149,315
2020-07-10,107125,107114,0.032472965,3298898,340
2020-07-11,107346,107335,0.032026775,3351758,176
2020-07-12,107590,107579,0.031595414,3405241,159
2020-07-13,108155,108144,0.031285254,3457060,673
2020-07-14,108486,108475,0.031016817,3497651,387
2020-07-15,108827,108816,0.03080566,3532695,361
2020-07-16,109264,109253,0.030519647,3580120,447
2020-07-17,109669,109658,0.030171135,3634898,470
2020-07-18,109999,109988,0.029782892,3693362,346
2020-07-19,110338,110327,0.029395192,3753607,255
2020-07-20,111124,111113,0.029180757,3808126,751
2020-07-21,111697,111684,0.028996196,3852126,505
2020-07-22,112240,112227,0.028793315,3898127,349
2020-07-23,112672,112659,0.028517157,3951025,658
2020-07-24,113206,113193,0.028243798,4008172,714
2020-07-25,113556,113543,0.027900483,4070037,346
2020-07-26,113911,113898,0.027567078,4132139,297
2020-07-27,114597,114584,0.027363083,4188015,626
2020-07-28,114994,114980,0.027138777,4237258,361
2020-07-29,115406,115392,0.026968354,4279312,487
2020-07-30,115799,115785,0.02670797,4335747,415
2020-07-31,116312,116298,0.026445917,4398108,557
2020-08-01,116599,116585,0.026138462,4460821,226
2020-08-02,116884,116870,0.025806942,4529169,196
2020-08-03,117031,117017,0.025494717,4590402,226
2020-08-04,117792,117777,0.025409481,4635750,713
2020-08-05,118187,118172,0.025264705,4677949,344
2020-08-06,118561,118546,0.025097922,4723937,313
2020-08-07,118985,118970,0.024886985,4781013,536
2020-08-08,119221,119206,0.024633456,4839800,233
2020-08-09,119451,119436,0.024383811,4898783,212
2020-08-10,120132,120117,0.024227146,4958570,630
2020-08-11,120421,120406,0.024056867,5005681,345
2020-08-12,120844,120829,0.023930353,5049821,309
2020-08-13,121234,121234,0.023748904,5104825,471
2020-08-14,121652,121652,0.023540025,5167879,413
2020-08-15,121889,121889,0.023295487,5232301,206
2020-08-16,122087,122087,0.023043079,5298207,156
2020-08-17,122872,122872,0.02295843,5351934,209
2020-08-18,123154,123154,0.022796249,5402380,901
2020-08-19,123490,123490,0.022656334,5450573,333
2020-08-20,123873,123873,0.022490684,5507747,236
2020-08-21,124372,124372,0.02233518,5568435,707
2020-08-22,124629,124629,0.022125755,5632757,209
2020-08-23,124896,124896,0.021933339,5694345,259
2020-08-24,125646,125646,0.021854048,5749324,753
2020-08-25,125969,125969,0.021748818,5791993,345
2020-08-26,126417,126417,0.021664315,5835264,461
2020-08-27,126818,126848,0.021531351,5889923,467
2020-08-28,127310,127310,0.021386905,5952708,547
2020-08-29,127673,127673,0.021203642,6021277,329
2020-08-30,127940,127940,0.021011964,6088912,247
2020-08-31,128948,128948,0.020977954,6146834,1020
2020-09-01,129425,129425,0.020868968,6201792,536
2020-09-02,129923,129923,0.020786809,6250262,571
2020-09-03,130493,130493,0.020684751,6308657,626
2020-09-04,131124,131124,0.020581233,6371047,615
2020-09-05,131495,131495,0.020418231,6440078,390
2020-09-06,131895,131895,0.020262582,6509289,368
2020-09-07,132142,132142,0.02009642,6575400,380
2020-09-08,133748,133748,0.02016532,6632575,1491
2020-09-09,134294,134294,0.020084992,6686286,450
2020-09-10,134924,134924,0.020025448,6737627,893
2020-09-11,135626,135626,0.019935085,6803382,807
2020-09-12,136141,136141,0.019779602,6882899,539
2020-09-13,136659,136659,0.01961754,6966164,513
2020-09-14,138010,138010,0.019579439,7048721,1459
2020-09-15,138803,138803,0.019491009,7121386,831
2020-09-16,139747,139747,0.019437352,7189611,952
2020-09-17,140867,140867,0.019388176,7265614,879
2020-09-18,141911,141911,0.019285906,7358275,1364
2020-09-19,142774,142774,0.01917991,7443935,624
2020-09-20,143649,143649,0.019050424,7540462,1184
2020-09-21,145415,145415,0.019060318,7629201,1725
2020-09-22,146663,146663,0.019019532,7711178,1305
2020-09-23,147753,147753,0.018966919,7790037,1301
2020-09-24,149094,149094,0.018931011,7875649,1292
2020-09-25,150456,150456,0.018898685,7961189,1736
2020-09-26,151671,151671,0.018803833,8065962,1268
2020-09-27,153125,153125,0.018748052,8167515,1612
2020-09-28,155301,155301,0.018777454,8270610,1950
2020-09-29,156961,156961,0.018774478,8360339,1931
2020-09-30,158758,158758,0.01879678,8446021,2295
2020-10-01,160535,160535,0.018794515,8541588,1847
2020-10-02,162659,162659,0.018818532,8643554,2241
2020-10-03,164471,164471,0.01880842,8744541,1354
2020-10-04,166156,166156,0.018762192,8855895,2111
2020-10-05,168960,168960,0.01886812,8954787,2537
2020-10-06,171323,171323,0.018939135,9045978,2009
2020-10-07,173123,173123,0.018937603,9141759,1700
2020-10-08,175559,175559,0.019002193,9238881,2369
2020-10-09,178117,178117,0.019057215,9346434,2933
2020-10-10,180179,180179,0.019051628,9457407,1955
2020-10-11,181864,181864,0.019015461,9564007,1774
2020-10-12,182839,182839,0.018918855,9664380,928
2020-10-13,186881,186881,0.019159828,9753793,4245
2020-10-14,189387,189385,0.019276503,9824759,2469
2020-10-15,191732,191730,0.019356176,9905469,2476
2020-10-16,194106,194106,0.019406135,10002301,2645
2020-10-17,196321,196321,0.019436918,10100418,1196
2020-10-18,198148,198148,0.019421499,10202508,2336
2020-10-19,201437,201437,0.019566394,10295050,3115
2020-10-20,203688,203688,0.01963894,10371639,2489
2020-10-21,206360,206360,0.019767965,10439112,2596
2020-10-22,209148,209148,0.019865725,10528083,2480
2020-10-23,211732,211732,0.019927568,10625080,3033
2020-10-24,213959,213959,0.019957665,10720643,1361
2020-10-25,216104,216104,0.019963957,10824708,2769
2020-10-26,220213,220213,0.020167329,10919294,4280
2020-10-27,222887,222887,0.020275042,10993171,2737
2020-10-28,225586,225586,0.020404126,11055901,2725
2020-10-29,228542,228542,0.020516212,11139581,3051
2020-10-30,231999,231999,0.0206554,11231881,3401
2020-10-31,235444,235444,0.020780595,11329993,2293
2020-11-01,238688,238688,0.02088814,11426963,2395
2020-11-02,241961,241961,0.021009711,11516627,3388
2020-11-03,244935,244935,0.0211403,11586165,4931
2020-11-04,248218,248218,0.021306639,11649796,2917
2020-11-05,252140,252140,0.021496477,11729364,2917
2020-11-06,255809,255809,0.021630595,11826258,5456
2020-11-07,260055,260055,0.021800949,11928609,4350
2020-11-08,264649,264649,0.022002467,12028151,3850
2020-11-09,268735,268735,0.022179241,12116510,4909
2020-11-10,273037,273037,0.022393228,12192838,4588
2020-11-11,277596,277596,0.022634485,12264295,3996
2020-11-12,282577,282577,0.022865473,12358240,5441
2020-11-13,287318,287318,0.023057829,12460757,4844
2020-11-14,292585,292585,0.023290619,12562354,4221
2020-11-15,297390,297390,0.023470718,12670682,4203
2020-11-16,302192,302192,0.023658223,12773233,5840
2020-11-17,306468,306468,0.023836138,12857284,4606
2020-11-18,311109,311109,0.024058743,12931224,4543
2020-11-19,315751,315751,0.024240658,13025678,4895
2020-11-20,320719,320719,0.024414589,13136367,4875
2020-11-21,326424,326424,0.024631977,13252042,4884
2020-11-22,331842,331842,0.024813698,13373339,4798
2020-11-23,337555,337555,0.025029036,13486536,6708
2020-11-24,342444,342444,0.025210366,13583460,5389
2020-11-25,347466,347466,0.025427913,13664747,5241
2020-11-26,353097,353097,0.025650277,13765816,5550
2020-11-27,359064,359064,0.02586192,13883888,5967
2020-11-28,365560,365560,0.026081113,14016273,5640
2020-11-29,372036,372036,0.026292732,14149766,5380
2020-11-30,378139,378139,0.026484603,14277692,7795
2020-12-01,383468,383468,0.026664582,14381174,5835
2020-12-02,389775,389775,0.026930717,14473250,6485
2020-12-03,396268,396268,0.02715778,14591325,6297
2020-12-04,402568,402568,0.027349843,14719207,6840
2020-12-05,409567,409567,0.027575109,14852779,5966
2020-12-06,416554,416554,0.02779728,14985423,6150
2020-12-07,423053,423053,0.027975372,15122337,7773
2020-12-08,429034,429034,0.028169105,15230658,6266
2020-12-09,435329,435329,0.02840032,15328313,6417
2020-12-10,442068,442068,0.028614608,15449032,6604
2020-12-11,448839,448839,0.028799844,15584772,6913
2020-12-12,455549,455549,0.028963766,15728238,6078
2020-12-13,462129,462129,0.029106352,15877256,5684
2020-12-14,468860,468860,0.029287891,16008664,8645
2020-12-15,475212,475212,0.029456993,16132400,6291
2020-12-16,481628,481628,0.029676305,16229379,6733
2020-12-17,488636,488636,0.029873891,16356624,7467
2020-12-18,495343,495343,0.030033034,16493272,7044
2020-12-19,502238,502238,0.03018166,16640503,6476
2020-12-20,508931,508931,0.030323567,16783349,5828
2020-12-21,515312,515312,0.030450434,16922977,7576
2020-12-22,521508,521508,0.030609004,17037732,6231
2020-12-23,528353,528353,0.030825607,17140068,6897
2020-12-24,535149,535149,0.030988721,17269154,6732
2020-12-25,539241,539241,0.030981915,17405025,4047
2020-12-26,547370,547370,0.031219281,17533075,5201
2020-12-27,553273,553273,0.031377354,17632876,5465
2020-12-28,559063,559063,0.031570464,17708419,6507
2020-12-29,565504,565504,0.031793479,17786792,8667
2020-12-30,572981,572981,0.032074275,17864192,8750
2020-12-31,581427,581427,0.03236426,17965095,6856
2021-01-01,588939,588939,0.03254234,18097623,3731
2021-01-02,596376,596376,0.032714042,18229970,6931
2021-01-03,603513,603513,0.032902305,18342575,10645
2021-01-04,611424,611424,0.033174195,18430711,10065
2021-01-05,618871,618871,0.033426937,18514140,7328
2021-01-06,627243,627243,0.033727072,18597612,8308
2021-01-07,635583,635583,0.033958759,18716320,8540
2021-01-08,644349,644349,0.034179689,18851810,9395
2021-01-09,653014,653014,0.034372644,18998073,7274
2021-01-10,661334,661334,0.034553051,19139670,6729
2021-01-11,668183,668183,0.034691506,19260709,8249
2021-01-12,674470,674470,0.034845735,19355884,6391
2021-01-13,681330,681330,0.035030852,19449427,7082
2021-01-14,688895,688895,0.035202548,19569464,7262
2021-01-15,695704,695704,0.035290367,19713708,6844
2021-01-16,702767,702767,0.035385961,19860051,6060
2021-01-17,709847,709847,0.035489225,20001761,6052
2021-01-18,715072,715072,0.03553619,20122360,6125
2021-01-19,719751,719751,0.035620698,20205977,5159
2021-01-20,725495,725495,0.035764334,20285433,5772
2021-01-21,731450,731450,0.035841532,20407889,6283
2021-01-22,737407,737407,0.035890191,20546199,5730
2021-01-23,743058,743058,0.035916602,20688427,4739
2021-01-24,748381,748381,0.035949701,20817447,4387
2021-01-25,753011,753011,0.035987272,20924370,5632
2021-01-26,757022,757022,0.036045522,21001832,4226
2021-01-27,761226,761226,0.036113891,21078482,4265
2021-01-28,766103,766103,0.036133704,21201895,4725
2021-01-29,770793,770793,0.03612836,21334846,4813
2021-01-30,775456,775456,0.036115138,21471772,3976
2021-01-31,779853,779853,0.036115712,21593178,3588
2021-02-01,783589,783589,0.036118018,21695238,4588
2021-02-02,786417,786417,0.036131252,21765562,3062
2021-02-03,789651,789651,0.036159519,21837984,3296
2021-02-04,793734,793734,0.036164568,21947836,3969
2021-02-05,797756,797756,0.036142129,22072745,4254
2021-02-06,801485,801485,0.036108196,22196761,3106
2021-02-07,805153,805153,0.036074846,22318959,2963
2021-02-08,808120,808120,0.036047396,22418263,3727
2021-02-09,810797,810797,0.036060086,22484611,2826
2021-02-10,813982,813982,0.036085406,22557097,3441
2021-02-11,817163,817163,0.036044054,22671229,3071
2021-02-12,820306,820306,0.035976992,22800850,2716
2021-02-13,823805,823805,0.035938857,22922404,3581
2021-02-14,826667,826667,0.035879395,23040160,2017
2021-02-15,829189,829189,0.035835475,23138775,1706
2021-02-16,831576,831576,0.035829551,23209222,4397
2021-02-17,834181,834181,0.035835991,23277743,2543
2021-02-18,837495,837495,0.03584243,23366022,3395
2021-02-19,840586,840586,0.035789799,23486748,3061
2021-02-20,843805,843805,0.035730095,23616086,2606
2021-02-21,846630,846630,0.035680035,23728396,2557
2021-02-22,849508,849508,0.035658942,23823141,3284
2021-02-23,852298,852298,0.035671721,23892820,3305
2021-02-24,855194,855194,0.0356898,23961860,2994
2021-02-25,858328,858328,0.035648247,24077706,3101
2021-02-26,861547,861547,0.035593129,24205430,3227
2021-02-27,864842,864842,0.035548634,24328417,2530
2021-02-28,867694,867694,0.035497193,24444017,2185
2021-03-01,870290,870290,0.035456237,24545470,3666
2021-03-02,872747,872747,0.035447068,24621134,2838
2021-03-03,875559,875559,0.035450221,24698266,2740
2021-03-04,878391,878391,0.035400022,24813290,3132
2021-03-05,881754,881754,0.035356269,24939113,2873
2021-03-06,884630,884630,0.035289539,25067769,2763
2021-03-07,887655,887655,0.035251623,25180543,2552
2021-03-08,890692,890692,0.035236696,25277398,4082
2021-03-09,893512,893512,0.035242216,25353457,3074
2021-03-10,896735,896735,0.03526283,25430035,2985
2021-03-11,899757,899757,0.035223951,25543898,3123
2021-03-12,903216,903216,0.035193528,25664264,3573
2021-03-13,906755,906755,0.035162085,25787862,2915
2021-03-14,910200,910200,0.035140941,25901412,2645
2021-03-15,913046,913046,0.035122236,25996238,3790
2021-03-16,915865,915865,0.03513264,26068778,3017
2021-03-17,919249,919249,0.035164416,26141455,3433
2021-03-18,922848,922848,0.035155257,26250640,3673
2021-03-19,927062,927062,0.035153662,26371705,4274
2021-03-20,931072,931072,0.035145337,26492049,3323
2021-03-21,934938,934938,0.035157524,26592828,3142
2021-03-22,938713,938713,0.03515202,26704383,4859
2021-03-23,942319,942319,0.035189649,26778301,3678
2021-03-24,946360,946360,0.035235053,26858481,4196
2021-03-25,951560,951560,0.035272143,26977663,5166
2021-03-26,956655,956655,0.035287249,27110501,5084
2021-03-27,962019,962019,0.035324624,27233666,4237
2021-03-28,967145,967145,0.035351597,27357887,4090
2021-03-29,971719,971719,0.035378488,27466380,6313
2021-03-30,976597,976597,0.035447771,27550308,3886
2021-03-31,982110,982110,0.03552639,27644520,9128
2021-04-01,987915,987915,0.035571244,27772855,5756
2021-04-02,994836,994836,0.035641534,27912267,3633
2021-04-03,1001658,1001658,0.035713639,28046932,7096
2021-04-04,1008106,1008106,0.035779454,28175556,3494
2021-04-05,1014373,1014373,0.035870392,28278838,8288
2021-04-06,1020893,1020893,0.035992306,28364201,10866
2021-04-07,1028039,1028039,0.036129291,28454447,7760
2021-04-08,1036034,1036034,0.036252744,28578085,8347
2021-04-09,1045277,1045277,0.03638867,28725342,9266
2021-04-10,1053819,1053819,0.036494321,28876246,7369
2021-04-11,1062475,1062475,0.03661449,29017883,7673
2021-04-12,1071014,1071014,0.036744512,29147591,10541
2021-04-13,1078556,1078556,0.036863808,29257856,7466
2021-04-14,1087154,1087154,0.037022597,29364607,8952
2021-04-15,1096724,1096724,0.037179052,29498439,9778
2021-04-16,1106065,1106065,0.03729303,29658759,9258
2021-04-17,1114932,1114932,0.037401102,29810138,7080
2021-04-18,1123456,1123456,0.037510878,29950139,7890
2021-04-19,1131767,1131767,0.037633415,30073460,10316
2021-04-20,1139042,1139042,0.03774708,30175632,7314
2021-04-21,1147461,1147461,0.037893216,30281436,8219
2021-04-22,1155842,1155842,0.037998048,30418457,8901
2021-04-23,1164580,1164580,0.03810885,30559306,8464
2021-04-24,1172885,1172885,0.038198132,30705297,7461
2021-04-25,1180714,1180714,0.038284233,30840738,6803
2021-04-26,1187917,1187917,0.038368942,30960379,8916
2021-04-27,1194986,1194986,0.038468037,31064387,7029
2021-04-28,1202735,1202735,0.038582314,31173221,8222
2021-04-29,1211078,1211078,0.038661492,31325175,9263
2021-04-30,1219418,1219418,0.038737148,31479292,8391
2021-05-01,1227868,1227868,0.038819971,31629802,6364
2021-05-02,1235696,1235696,0.03891135,31756698,5737
2021-05-03,1243261,1243261,0.03897628,31897888,10985
2021-05-04,1249949,1249949,0.039049327,32009489,6746
2021-05-05,1257339,1257339,0.039135707,32127668,7779
2021-05-06,1265340,1265340,0.039215577,32266260,8090
2021-05-07,1273166,1273166,0.039284433,32408919,7728
2021-05-08,1280564,1280564,0.039341742,32549753,5942
2021-05-09,1287861,1287861,0.039436283,32656754,5442
2021-05-10,1294199,1294199,0.039521409,32746783,8871
2021-05-11,1299581,1299581,0.03954018,32867352,5552
2021-05-12,1305793,1305793,0.039568132,33001128,6666
2021-05-13,1312412,1312412,0.039613745,33130218,5897
2021-05-14,1318412,1318412,0.039638823,33260624,6735
2021-05-15,1324122,1324122,0.03966373,33383698,4390
2021-05-16,1329518,1329518,0.039708245,33482165,4145
2021-05-17,1334106,1334106,0.039714669,33592273,6450
2021-05-18,1338140,1338140,0.039744835,33668274,3912
2021-05-19,1342387,1342387,0.039769585,33754111,5030
2021-05-20,1347439,1347439,0.039790154,33863629,4850
2021-05-21,1352121,1352121,0.039792792,33979043,4334
2021-05-22,1356121,1356121,0.039788648,34083113,3245
2021-05-23,1359859,1359859,0.039812149,34156885,2828
2021-05-24,1363010,1363010,0.039832182,34218813,1716
2021-05-25,1365512,1365512,0.039793036,34315351,3751
2021-05-26,1368104,1368104,0.039802466,34372343,2486
2021-05-27,1371069,1371069,0.039799317,34449561,4698
2021-05-28,1374273,1374273,0.039776172,34550157,3095
2021-05-29,1376991,1376991,0.039739594,34650354,2159
2021-05-30,1379464,1379464,0.039734135,34717353,1943
2021-05-31,1381573,1381573,0.039711706,34790069,2943
2021-06-01,1383211,1383211,0.039675776,34862859,1726
2021-06-02,1385273,1385273,0.039660899,34927927,2190
2021-06-03,1387442,1387442,0.039621158,35017704,2179
2021-06-04,1389502,1389502,0.039581673,35104681,1989
2021-06-05,1391389,1391389,0.039569767,35162931,1333
2021-06-06,1392910,1392910,0.039603734,35171179,1349
2021-06-07,1394142,1394142,0.039474756,35317305,1789
2021-06-08,1395410,1395410,0.039458095,35364353,1121
2021-06-09,1396813,1396813,0.039432405,35422973,1437
2021-06-10,1398292,1398292,0.039384037,35504029,1490
2021-06-11,1399717,1399717,0.039337876,35581916,1378
2021-06-12,1401102,1401102,0.039313437,35639265,1140
2021-06-13,1402335,1402335,0.039338925,35647517,974
2021-06-14,1403284,1403284,0.039213801,35785462,1319
2021-06-15,1404091,1404091,0.039186764,35830746,893
2021-06-16,1405139,1405139,0.039151358,35889917,1082
2021-06-17,1406246,1406246,0.039090024,35974549,1101
2021-06-18,1407258,1407258,0.039033354,36052705,968
2021-06-19,1408217,1408217,0.039003544,36104847,737
2021-06-20,1409019,1409019,0.039018786,36111298,580
2021-06-21,1409579,1409579,0.038891759,36243642,1036
2021-06-22,1410200,1410200,0.038861878,36287490,510
2021-06-23,1410925,1410925,0.038820605,36344745,718
2021-06-24,1411633,1411633,0.03876438,36415725,716
2021-06-25,1412301,1412301,0.038709443,36484663,622
2021-06-26,1412969,1412969,0.038682818,36527044,533
2021-06-27,1413474,1413474,0.038690197,36533130,398
2021-06-28,1414134,1414134,0.038591162,36643986,931
2021-06-29,1414736,1414736,0.038542814,36705571,565
2021-06-30,1415284,1415284,0.038491866,36768392,552
2021-07-01,1415888,1415888,0.038439119,36834559,151
2021-07-02,1416316,1416316,0.038385071,36897574,839
2021-07-03,1416732,1416732,0.038349841,36942317,342
2021-07-04,1417256,1417256,0.038359776,36946410,282
2021-07-05,1417635,1417635,0.038269173,37043785,810
2021-07-06,1418073,1418073,0.038236834,37086569,290
2021-07-07,1418627,1418627,0.038187737,37148758,551
2021-07-08,1419194,1419194,0.038134993,37215006,592
2021-07-09,1419964,1419964,0.038089763,37279413,555
2021-07-10,1420355,1420355,0.038050582,37328076,317
2021-07-11,1420830,1420830,0.038058475,37332815,262
2021-07-12,1421102,1421102,0.037942541,37454055,526
2021-07-13,1421438,1421438,0.037839953,37564476,342
2021-07-14,1421819,1421819,0.037800502,37613760,340
2021-07-15,1422244,1422244,0.037745943,37679387,378
2021-07-16,1422641,1422641,0.037688303,37747547,380
2021-07-17,1423021,1423021,0.037651815,37794221,310
2021-07-18,1423519,1423519,0.037660982,37798244,303
2021-07-19,1423784,1423784,0.037559441,37907486,638
2021-07-20,1424123,1424123,0.037528571,37947701,313
2021-07-21,1424523,1424523,0.037492834,37994540,517
2021-07-22,1425093,1425093,0.037448674,38054565,398
2021-07-23,1425711,1425711,0.037409168,38111273,594
2021-07-24,1426228,1426228,0.037387373,38147318,325
2021-07-25,1426903,1426903,0.037401053,38151412,267
2021-07-26,1427339,1427339,0.037299137,38267346,1074
2021-07-27,1427917,1427917,0.037276385,38306209,537
2021-07-28,1428682,1428682,0.037252684,38351116,796
2021-07-29,1429576,1429576,0.03721946,38409370,912
2021-07-30,1430483,1430483,0.037187405,38466868,910
2021-07-31,1431252,1431252,0.037147282,38529118,436
2021-08-01,1432338,1432338,0.037128502,38577856,360
2021-08-02,1433039,1433039,0.03710845,38617593,215
2021-08-03,1433776,1433776,0.037094208,38652288,2243
2021-08-04,1434734,1434734,0.037060172,38713636,980
2021-08-05,1436181,1436181,0.037045649,38767873,1523
2021-08-06,1437701,1437701,0.037019893,38835904,1552
2021-08-07,1439068,1439068,0.037004969,38888507,585
2021-08-08,1440878,1440878,0.037046835,38893417,582
2021-08-09,1442087,1442087,0.036953438,39024434,3209
2021-08-10,1443433,1443433,0.036944743,39070051,1334
2021-08-11,1445294,1445294,0.036940247,39125185,1960
2021-08-12,1447435,1447435,0.036925156,39199157,2141
2021-08-13,1449851,1449851,0.036918854,39271289,2316
2021-08-14,1452110,1452110,0.036925053,39325874,868
2021-08-15,1453995,1453995,0.036968498,39330648,744
2021-08-16,1455974,1455974,0.036903951,39453066,4547
2021-08-17,1457754,1457754,0.036886973,39519480,1862
2021-08-18,1460172,1460172,0.036894045,39577444,2356
2021-08-19,1462904,1462904,0.036892017,39653674,2969
2021-08-20,1465866,1465866,0.036894553,39731231,2998
2021-08-21,1468744,1468744,0.036893251,39810642,1053
2021-08-22,1471587,1471587,0.036904779,39875242,1156
2021-08-23,1473645,1473645,0.036903336,39932569,5445
2021-08-24,1475978,1475978,0.036894937,40004893,2205
2021-08-25,1479304,1479304,0.036920662,40067104,3537
2021-08-26,1482668,1482668,0.036927678,40150588,3420
2021-08-27,1486436,1486436,0.036943365,40235533,3780
2021-08-28,1490354,1490354,0.036958427,40325147,1462
2021-08-29,1493521,1493521,0.036963035,40405800,1424
2021-08-30,1496256,1496256,0.036966325,40476190,6874
2021-08-31,1499165,1499165,0.036980236,40539628,2935
2021-09-01,1503003,1503003,0.037014644,40605632,3954
2021-09-02,1507051,1507051,0.037034469,40693199,3996
2021-09-03,1511212,1511212,0.037056222,40781599,4206
2021-09-04,1515235,1515235,0.037074229,40870304,1651
2021-09-05,1519369,1519369,0.037103526,40949451,1744
2021-09-06,1522327,1522327,0.037108817,41023323,1050
2021-09-07,1525646,1525646,0.037133857,41085040,9896
2021-09-08,1529287,1529287,0.037162709,41151117,3705
2021-09-09,1533465,1533465,0.037194474,41228302,4261
2021-09-10,1538093,1538093,0.037219702,41324700,4599
2021-09-11,1542954,1542954,0.03724926,41422407,945
2021-09-12,1547179,1547179,0.037269442,41513340,2803
2021-09-13,1551076,1551076,0.037291435,41593358,9227
2021-09-14,1555120,1555120,0.037320915,41668860,4014
2021-09-15,1559403,1559403,0.037348723,41752512,4414
2021-09-16,1564092,1564092,0.037363517,41861477,4671
2021-09-17,1569186,1569186,0.037385098,41973569,5107
2021-09-18,1573722,1573722,0.037390861,42088413,1846
2021-09-19,1578057,1578057,0.037402864,42190807,1822
2021-09-20,1581914,1581914,0.037408756,42287266,8986
2021-09-21,1585732,1585732,0.037425363,42370518,3685
2021-09-22,1589584,1589584,0.037436213,42461133,4115
2021-09-23,1594202,1594202,0.03744189,42578032,4624
2021-09-24,1598807,1598807,0.037438563,42704817,4561
2021-09-25,1603759,1603759,0.037448996,42825153,1045
2021-09-26,1608092,1608092,0.037465874,42921513,1137
2021-09-27,1612371,1612371,0.037491752,43006019,11381
2021-09-28,1615859,1615859,0.037469615,43124516,3464
2021-09-29,1620137,1620137,0.03748998,43215201,4328
2021-09-30,1624725,1624725,0.037494045,43332881,3318
2021-10-01,1629142,1629142,0.037489231,43456266,5794
2021-10-02,1633569,1633569,0.037486895,43577069,1728
2021-10-03,1637203,1637203,0.037484543,43676750,1396
2021-10-04,1640606,1640606,0.037477978,43775201,8377
2021-10-05,1643420,1643420,0.037471669,43857667,2661
2021-10-06,1647136,1647136,0.03748165,43945130,3803
2021-10-07,1651236,1651236,0.037470301,44067861,4111
2021-10-08,1655364,1655364,0.037463493,44186056,4199
2021-10-09,1659065,1659065,0.037444721,44307047,1623
2021-10-10,1662595,1662595,0.037435775,44411929,1612
2021-10-11,1665252,1665252,0.037419602,44502130,1117
2021-10-12,1667575,1667575,0.037412998,44572076,7737
2021-10-13,1670215,1670215,0.037413659,44641851,2706
2021-10-14,1673408,1673408,0.037414912,44725696,3158
2021-10-15,1676846,1676846,0.037399261,44836340,3443
2021-10-16,1680193,1680193,0.037378774,44950458,1550
2021-10-17,1683087,1683087,0.037358201,45052678,1277
2021-10-18,1685359,1685359,0.037335924,45140412,5503
2021-10-19,1687616,1687616,0.037326068,45212799,2346
2021-10-20,1690258,1690258,0.037319974,45290975,2727
2021-10-21,1693152,1693152,0.037298667,45394437,2839
2021-10-22,1695914,1695914,0.037275879,45496284,2665
2021-10-23,1698465,1698465,0.037255319,45589866,1731
2021-10-24,1700745,1700745,0.037234174,45676990,1528
2021-10-25,1702601,1702601,0.037211358,45754874,3507
2021-10-26,1704374,1704374,0.037197635,45819418,1796
2021-10-27,1706870,1706870,0.037199964,45883647,2541
2021-10-28,1709536,1709536,0.037167604,45995324,2640
2021-10-29,1712128,1712128,0.037145631,46092312,2578
2021-10-30,1714503,1714503,0.037122416,46185114,1647
2021-10-31,1716559,1716559,0.03710848,46257864,1519
2021-11-01,1718496,1718496,0.037097356,46323948,3226
2021-11-02,1720349,1720349,0.037070862,46407041,1811
2021-11-03,1722573,1722573,0.037061822,46478368,2275
2021-11-04,1725150,1725150,0.037035848,46580546,2622
2021-11-05,1727683,1727683,0.037011516,46679607,2524
2021-11-06,1730437,1730437,0.036992756,46777726,1288
2021-11-07,1732879,1732879,0.036973228,46868480,1291
2021-11-08,1735017,1735017,0.03695434,46950290,4795
2021-11-09,1737404,1737404,0.036948475,47022347,2364
2021-11-10,1740005,1740005,0.036946043,47095842,2657
2021-11-11,1742721,1742721,0.036921932,47200157,1441
2021-11-12,1745349,1745349,0.036902679,47295997,3922
2021-11-13,1747987,1747987,0.036888636,47385514,1352
2021-11-14,1750297,1750297,0.036874606,47466188,1378
2021-11-15,1752468,1752468,0.036862762,47540334,4370
2021-11-16,1754383,1754383,0.036850231,47608467,1816
2021-11-17,1756805,1756805,0.036846684,47678781,2526
2021-11-18,1759559,1759559,0.036818221,47790440,2798
2021-11-19,1762434,1762434,0.036801851,47889820,2813
2021-11-20,1765329,1765329,0.036790026,47983902,1709
2021-11-21,1767790,1767790,0.036776461,48068518,1475
2021-11-22,1770095,1770095,0.036763222,48148527,4461
2021-11-23,1772330,1772330,0.036758863,48215038,2223
2021-11-24,1774936,1774936,0.036756464,48289085,2676
2021-11-25,1777814,1777814,0.036740663,48388185,4223
2021-11-26,1782171,1782171,0.036756717,48485587,3037
2021-11-27,1785191,1785191,0.036745325,48582806,1982
2021-11-28,1787810,1787810,0.036735587,48666978,1725
2021-11-29,1790142,1790142,0.036728149,48740327,4229
2021-11-30,1792494,1792494,0.036726056,48807147,2352
2021-12-01,1795640,1795640,0.036723963,48895595,3227
2021-12-02,1798862,1798862,0.036710972,49000664,3218
2021-12-03,1802359,1802359,0.036707991,49099908,3513
2021-12-04,1805967,1805967,0.036676908,49239892,2479
2021-12-05,1809368,1809368,0.036677121,49332335,2382
