prnameFR,date,update,numconf,numprob,numdeaths,numtotal,numtested,numtests
Canada,43901,0,103,0,2,103,11052,4846
Canada,43902,0,138,3,2,141,15214,6739
Canada,43903,0,176,3,2,179,15214,9889
Canada,43904,0,193,6,2,199,22438,13209
Canada,43905,0,249,4,2,253,25006,17357
Canada,43906,0,324,17,5,341,37759,21876
Canada,43907,0,424,16,8,440,44205,26907
Canada,43908,0,569,28,9,597,53575,34193
Canada,43909,0,846,27,12,873,65880,42801
Canada,43910,0,971,33,13,1004,76843,50068
Canada,43911,0,1302,69,18,1371,88912,58195
Canada,43912,0,1430,41,20,1471,98853,68730
Canada,43913,0,1646,445,24,2091,107223,79877
Canada,43914,0,1959,833,27,2792,125138,90468
Canada,43915,0,3385,24,35,3409,147865,101538
Canada,43916,0,4018,25,39,4043,161679,112449
Canada,43917,0,4675,14,53,4689,170720,124666
Canada,43918,0,5386,39,59,5425,187524,137153
Canada,43919,0,6255,3,61,6258,210511,152595
Canada,43920,0,7424,13,89,7437,225781,164718
Canada,43921,0,8536,12,96,8548,241214,178318
Canada,43922,0,9595,18,109,9613,256009,192339
Canada,43923,0,11268,15,138,11283,273742,208760
Canada,43924,0,12519,18,187,12537,295141,223618
Canada,43925,0,13882,22,231,13904,312047,238679
Canada,43926,0,15496,16,280,15512,324861,251171
Canada,43927,0,16653,14,323,16667,336882,261979
Canada,43928,0,17883,14,380,17897,342046,269825
Canada,43929,0,19274,15,435,19289,362045,278552
Canada,43930,0,20748,17,509,20765,375378,289379
Canada,43931,0,22133,15,569,22148,391451,300011
Canada,43932,0,23301,17,653,23317,404727,312421
Canada,43933,0,24365,18,717,24383,422276,324486
Canada,43934,0,25663,17,780,25680,437551,335915
Canada,43935,0,27046,17,903,27063,455059,347084
Canada,43936,0,28364,17,1015,28381,467812,359691
Canada,43937,0,30081,11,1198,30092,487701,372222
Canada,43938,0,31872,12,1314,31884,507777,386119
Canada,43939,0,33340,13,1472,33353,528133,399762
Canada,43940,0,34776,9,1585,34785,549425,415678
Canada,43941,0,36822,8,1695,36830,559654,438683
Canada,43942,0,38412,9,1839,38421,569954,460055
Canada,43943,0,40179,11,1979,40190,612268,481180
Canada,43944,0,42099,11,2151,42110,634993,505372
Canada,43945,0,43877,11,2307,43888,660184,530351
Canada,43946,0,45341,13,2470,45354,684347,559114
Canada,43947,0,46884,11,2565,46895,707584,586081
Canada,43948,0,48489,11,2712,48500,733781,613599
Canada,43949,0,50015,11,2864,50026,754876,640576
Canada,43950,0,51587,10,3001,51597,779689,664330
Canada,43951,0,53225,11,3189,53236,806525,692108
Canada,43952,0,55050,11,3396,55061,836997,722784
Canada,43953,0,56703,11,3571,56714,866311,757028
Canada,43954,0,59463,11,3687,59474,897520,789350
Canada,43955,0,60761,11,3859,60772,919444,823469
Canada,43956,0,62035,11,4048,62046,942602,852042
Canada,43957,0,63484,11,4237,63495,973634,874055
Canada,43958,0,64910,11,4413,64921,1005294,902008
Canada,43959,0,66422,11,4574,66433,1034905,933526
Canada,43960,0,67690,11,4698,67701,1071455,967073
Canada,43961,0,68836,11,4876,68847,1097520,1003372
Canada,43962,0,69969,11,4998,69980,1121629,1037402
Canada,43963,0,71144,11,5174,71155,1145568,1065122
Canada,43964,0,72265,11,5309,72276,1172872,1089235
Canada,43965,0,73476,11,5477,73487,1203588,1120608
Canada,43966,0,74602,11,5572,74613,1236746,1155817
Canada,43967,0,75853,11,5689,75864,1270254,1193389
Canada,43968,0,76991,11,5792,77002,1300729,1231243
Canada,43969,0,78061,11,5852,78072,1323447,1266322
Canada,43970,0,79101,11,5922,79112,1339971,1290260
Canada,43971,0,80112,11,6040,80123,1375126,1308948
Canada,43972,0,81313,11,6162,81324,1379731,1330479
Canada,43973,0,82469,11,6260,82480,1405284,1358522
Canada,43974,0,83610,11,6365,83621,1431987,1389533
Canada,43975,0,84688,11,6434,84699,1459288,1420798
Canada,43976,0,85700,11,6555,85711,1482468,1452296
Canada,43977,0,86636,11,6649,86647,1502990,1477996
Canada,43978,0,87508,11,6775,87519,1530931,1501086
Canada,43979,0,88501,11,6887,88512,1585235,1533862
Canada,43980,0,89407,11,6989,89418,1596449,1572747
Canada,43981,0,90179,11,7083,90190,1634277,1613063
Canada,43982,0,90936,11,7305,90947,1665831,1655117
Canada,43983,0,91694,11,7336,91705,1695918,1693572
Canada,43984,0,92399,11,7405,92410,1724250,1725035
Canada,43985,0,93074,11,7508,93085,1755926,1754561
Canada,43986,0,93715,11,7647,93726,1791106,1790252
Canada,43987,0,94324,11,7713,94335,1830498,1831447
Canada,43988,0,95046,11,7783,95057,1868277,1873869
Canada,43989,0,95688,11,7810,95699,1896822,1918112
Canada,43990,0,96233,11,7845,96244,1930141,1956236
Canada,43991,0,96642,11,7905,96653,1955719,1986224
Canada,43992,0,97114,11,7968,97125,1989255,2013633
Canada,43993,0,97519,11,8004,97530,2028496,2052798
Canada,43994,0,97932,11,8059,97943,2072096,2096926
Canada,43995,0,98399,11,8117,98410,2113924,2146743
Canada,43996,0,98776,11,8156,98787,2152776,2194241
Canada,43997,0,99136,11,8190,99147,2183476,2236719
Canada,43998,0,99456,11,8228,99467,2216730,2274339
Canada,43999,0,99842,11,8269,99853,2254481,2311002
Canada,44000,0,100209,11,8315,100220,2295440,2354977
Canada,44001,0,100618,11,8361,100629,2339563,2402050
Canada,44002,0,101008,11,8425,101019,2382781,2452379
Canada,44003,0,101326,11,8445,101337,2415441,2500508
Canada,44004,0,101626,11,8451,101637,2444118,2544303
Canada,44005,0,101952,11,8469,101963,2482869,2581509
Canada,44006,0,102231,11,8499,102242,2518650,2612757
Canada,44007,0,102611,11,8519,102622,2558363,2654415
Canada,44008,0,102783,11,8523,102794,2598243,2701589
Canada,44009,0,103021,11,8531,103032,2640315,2750374
Canada,44010,0,103239,11,8537,103250,2676705,2803892
Canada,44011,0,103907,11,8581,103918,2721685,2851641
Canada,44012,0,104193,11,8606,104204,2770153,2894567
Canada,44013,0,104193,11,8606,104204,2770153,2934155
Canada,44014,0,104760,11,8657,104771,2848244,2979417
Canada,44015,0,105079,11,8678,105090,2885746,3023932
Canada,44016,0,105305,11,8689,105316,2914954,3065271
Canada,44017,0,105524,11,8699,105535,2940925,3104518
Canada,44018,0,105923,11,8708,105934,2975711,3145104
Canada,44019,0,106155,11,8726,106166,3020172,3177228
Canada,44020,0,106422,11,8752,106433,3055341,3208097
Canada,44021,0,106793,11,8763,106804,3098193,3250149
Canada,44022,0,107114,11,8774,107125,3142702,3298898
Canada,44023,0,107335,11,8788,107346,3183516,3351758
Canada,44024,0,107579,11,8798,107590,3212879,3405241
Canada,44025,0,108144,11,8805,108155,3257608,3457060
Canada,44026,0,108475,11,8813,108486,3302483,3497651
Canada,44027,0,108816,11,8830,108827,3341893,3532695
Canada,44028,0,109253,11,8847,109264,3387755,3580120
Canada,44029,0,109658,11,8859,109669,3438041,3634898
Canada,44030,0,109988,11,8868,109999,3481804,3693362
Canada,44031,0,110327,11,8872,110338,3520542,3753607
Canada,44032,0,111113,11,8878,111124,3573630,3808126
Canada,44033,0,111684,13,8882,111697,3616728,3852126
Canada,44034,0,112227,13,8890,112240,3659778,3898127
Canada,44035,0,112659,13,8894,112672,3697322,3951025
Canada,44036,0,113193,13,8901,113206,3717483,4008172
Canada,44037,0,113543,13,8905,113556,3761927,4070037
Canada,44038,0,113898,13,8910,113911,3801950,4132139
Canada,44039,0,114584,13,8921,114597,3863830,4188015
Canada,44040,0,114980,14,8932,114994,3899192,4237258
Canada,44041,0,115392,14,8939,115406,3946565,4279312
Canada,44042,0,115785,14,8949,115799,3996625,4335747
Canada,44043,0,116298,14,8955,116312,4050358,4398108
Canada,44044,0,116585,14,8961,116599,4098752,4460821
Canada,44045,0,116870,14,8965,116884,4143459,4529169
Canada,44046,0,117017,14,8967,117031,4178195,4590402
Canada,44047,0,117777,15,8978,117792,4236521,4635750
Canada,44048,0,118172,15,8982,118187,4272606,4677949
Canada,44049,0,118546,15,8986,118561,4319172,4723937
Canada,44050,0,118970,15,8990,118985,4367208,4781013
Canada,44051,0,119206,15,8996,119221,4404038,4839800
Canada,44052,0,119436,15,9001,119451,4447810,4898783
Canada,44053,0,120117,15,9007,120132,4505218,4958570
Canada,44054,0,120406,15,9011,120421,4541747,5005681
Canada,44055,0,120829,15,9026,120844,4581083,5049821
Canada,44056,0,121234,0,9035,121234,4635105,5104825
Canada,44057,0,121652,0,9040,121652,4685663,5167879
Canada,44058,0,121889,0,9049,121889,4741146,5232301
Canada,44059,0,122087,0,9051,122087,4778360,5298207
Canada,44060,0,122872,0,9057,122872,4840043,5351934
Canada,44061,0,123154,0,9069,123154,4880172,5402380
Canada,44062,0,123490,0,9074,123490,4925446,5450573
Canada,44063,0,123873,0,9079,123873,4974215,5507747
Canada,44064,0,124372,0,9089,124372,5034059,5568435
Canada,44065,0,124629,0,9096,124629,5076734,5632757
Canada,44066,0,124896,0,9098,124896,5115490,5694345
Canada,44067,0,125646,0,9108,125646,5169166,5749324
Canada,44068,0,125969,0,9115,125969,5205086,5791993
Canada,44069,0,126417,0,9119,126417,5245891,5835264
Canada,44070,0,126848,0,9127,126818,5294012,5889923
Canada,44071,0,127310,0,9138,127310,5355340,5952708
Canada,44072,0,127673,0,9138,127673,5402249,6021277
Canada,44073,0,127940,0,9142,127940,5440447,6088912
Canada,44074,0,128948,0,9151,128948,5504392,6146834
Canada,44075,0,129425,0,9157,129425,5545549,6201792
Canada,44076,0,129923,0,9160,129923,5590068,6250262
Canada,44077,0,130493,0,9166,130493,5638703,6308657
Canada,44078,0,131124,0,9167,131124,5690609,6371047
Canada,44079,0,131495,0,9169,131495,5735811,6440078
Canada,44080,0,131895,0,9170,131895,5781027,6509289
Canada,44081,0,132142,0,9171,132142,5841880,6575400
Canada,44082,0,133748,0,9178,133748,5891121,6632575
Canada,44083,0,134294,0,9180,134294,5929848,6686286
Canada,44084,0,134924,0,9187,134924,5979566,6737627
Canada,44085,0,135626,0,9188,135626,6046330,6803382
Canada,44086,0,136141,0,9195,136141,6069252,6882899
Canada,44087,0,136659,0,9196,136659,6154468,6966164
Canada,44088,0,138010,0,9204,138010,6235465,7048721
Canada,44089,0,138803,0,9218,138803,6292160,7121386
Canada,44090,0,139747,0,9223,139747,6354657,7189611
Canada,44091,0,140867,0,9230,140867,6422063,7265614
Canada,44092,0,141911,0,9235,141911,6489802,7358275
Canada,44093,0,142774,0,9241,142774,6554147,7443935
Canada,44094,0,143649,0,9247,143649,6618481,7540462
Canada,44095,0,145415,0,9258,145415,6698234,7629201
Canada,44096,0,146663,0,9264,146663,6766982,7711178
Canada,44097,0,147753,0,9273,147753,6833661,7790037
Canada,44098,0,149094,0,9279,149094,6901251,7875649
Canada,44099,0,150456,0,9285,150456,6979242,7961189
Canada,44100,0,151671,0,9292,151671,7049458,8065962
Canada,44101,0,153125,0,9298,153125,7117709,8167515
Canada,44102,0,155301,0,9308,155301,7220108,8270610
Canada,44103,0,156961,0,9321,156961,7295024,8360339
Canada,44104,0,158758,0,9327,158758,7355960,8446021
Canada,44105,0,160535,0,9349,160535,7423052,8541588
Canada,44106,0,162659,0,9439,162659,7490205,8643554
Canada,44107,0,164471,0,9492,164471,7563615,8744541
Canada,44108,0,166156,0,9511,166156,7625793,8855895
Canada,44109,0,168960,0,9534,168960,7695259,8954787
Canada,44110,0,171323,0,9560,171323,7825231,9045978
Canada,44111,0,173123,0,9571,173123,7899256,9141759
Canada,44112,0,175559,0,9585,175559,7984582,9238881
Canada,44113,0,178117,0,9615,178117,8072318,9346434
Canada,44114,0,180179,0,9638,180179,8150945,9457407
Canada,44115,0,181864,0,9643,181864,8218788,9564007
Canada,44116,0,182839,0,9657,182839,8243089,9664380
Canada,44117,0,186881,0,9684,186881,8327756,9753793
Canada,44118,0,189385,0,9694,189387,8419714,9824759
Canada,44119,0,191730,0,9734,191732,8469789,9905469
Canada,44120,0,194106,0,9757,194106,8558420,10002301
Canada,44121,0,196321,0,9781,196321,8625475,10100418
Canada,44122,0,198148,0,9795,198148,8679910,10202508
Canada,44123,0,201437,0,9813,201437,8752279,10295050
Canada,44124,0,203688,0,9829,203688,8812267,10371639
Canada,44125,0,206360,0,9864,206360,8873114,10439112
Canada,44126,0,209148,0,9897,209148,8942196,10528083
Canada,44127,0,211732,0,9923,211732,9015189,10625080
Canada,44128,0,213959,0,9957,213959,9075423,10720643
Canada,44129,0,216104,0,9981,216104,9126431,10824708
Canada,44130,0,220213,0,10008,220213,9173829,10919294
Canada,44131,0,222887,0,10036,222887,9254718,10993171
Canada,44132,0,225586,0,10067,225586,9310390,11055901
Canada,44133,0,228542,0,10109,228542,9373532,11139581
Canada,44134,0,231999,0,10145,231999,9436375,11231881
Canada,44135,0,235444,0,10171,235444,9501937,11329993
Canada,44136,0,238688,0,10214,238688,9548758,11426963
Canada,44137,0,241961,0,10243,241961,9597564,11516627
Canada,44138,0,244935,0,10314,244935,9663055,11586165
Canada,44139,0,248218,0,10371,248218,9700270,11649796
Canada,44140,0,252140,0,10416,252140,9763591,11729364
Canada,44141,0,255809,0,10471,255809,9826986,11826258
Canada,44142,0,260055,0,10525,260055,9884582,11928609
Canada,44143,0,264649,0,10557,264649,9935221,12028151
Canada,44144,0,268735,0,10599,268735,9986069,12116510
Canada,44145,0,273037,0,10667,273037,10044798,12192838
Canada,44146,0,277596,0,10720,277596,10097037,12264295
Canada,44147,0,282577,0,10803,282577,10158802,12358240
Canada,44148,0,287318,0,10863,287318,10228547,12460757
Canada,44149,0,292585,0,10926,292585,10293273,12562354
Canada,44150,0,297390,0,10993,297390,10348040,12670682
Canada,44151,0,302192,0,11067,302192,10402744,12773233
Canada,44152,0,306468,0,11126,306468,10462996,12857284
Canada,44153,0,311109,0,11226,311109,10517168,12931224
Canada,44154,0,315751,0,11305,315751,10669262,13025678
Canada,44155,0,320719,0,11374,320719,10746717,13136367
Canada,44156,0,326424,0,11446,326424,10822889,13252042
Canada,44157,0,331842,0,11495,331842,10881653,13373339
Canada,44158,0,337555,0,11561,337555,10940659,13486536
Canada,44159,0,342444,0,11658,342444,11027292,13583460
Canada,44160,0,347466,0,11750,347466,11090768,13664747
Canada,44161,0,353097,0,11839,353097,11159813,13765816
Canada,44162,0,359064,0,11934,359064,11262041,13883888
Canada,44163,0,365560,0,12031,365560,11344925,14016273
Canada,44164,0,372036,0,12104,372036,11412572,14149766
Canada,44165,0,378139,0,12170,378139,11475642,14277692
Canada,44166,0,383468,0,12251,383468,11573322,14381174
Canada,44167,0,389775,0,12365,389775,11652814,14473250
Canada,44168,0,396268,0,12447,396268,11739689,14591325
Canada,44169,0,402568,0,12536,402568,11826099,14719207
Canada,44170,0,409567,0,12647,409567,11905770,14852779
Canada,44171,0,416554,0,12733,416554,11977563,14985423
Canada,44172,0,423053,0,12817,423053,12069537,15122337
Canada,44173,0,429034,0,12907,429034,12147827,15230658
Canada,44174,0,435329,0,13023,435329,12226406,15328313
Canada,44175,0,442068,0,13149,442068,12317829,15449032
Canada,44176,0,448839,0,13291,448839,12439097,15584772
Canada,44177,0,455549,0,13418,455549,12565537,15728238
Canada,44178,0,462129,0,13513,462129,12678685,15877256
Canada,44179,0,468860,0,13593,468860,12793906,16008664
Canada,44180,0,475212,0,13705,475212,12908615,16132400
Canada,44181,0,481628,0,13845,481628,13017364,16229379
Canada,44182,0,488636,0,13962,488636,13138529,16356624
Canada,44183,0,495343,0,14086,495343,13267138,16493272
Canada,44184,0,502238,0,14228,502238,13391892,16640503
Canada,44185,0,508931,0,14309,508931,13513493,16783349
Canada,44186,0,515312,0,14377,515312,13626646,16922977
Canada,44187,0,521508,0,14470,521508,13731609,17037732
Canada,44188,0,528353,0,14642,528353,13860586,17140068
Canada,44189,0,535149,0,14795,535149,13900374,17269154
Canada,44190,0,539241,0,14838,539241,13940162,17405025
Canada,44191,0,547370,0,15048,547370,13979950,17533075
Canada,44192,0,553273,0,15154,553273,14114978,17632876
Canada,44193,0,559063,0,15268,559063,14339363,17708419
Canada,44194,0,565504,0,15424,565504,14466022,17786792
Canada,44195,0,572981,0,15518,572981,14570872,17864192
Canada,44196,0,581427,0,15651,581427,14610660,17965095
Canada,44197,0,588939,0,15787,588939,14650448,18097623
Canada,44198,0,596376,0,15870,596376,14905985,18229970
Canada,44199,0,603513,0,15911,603513,14996357,18342575
Canada,44200,0,611424,0,16120,611424,15116165,18430711
Canada,44201,0,618871,0,16279,618871,15215110,18514140
Canada,44202,0,627243,0,16415,627243,15317898,18597612
Canada,44203,0,635583,0,16624,635583,15444625,18716320
Canada,44204,0,644349,0,16753,644349,15574609,18851810
Canada,44205,0,653014,0,16890,653014,15703615,18998073
Canada,44206,0,661334,0,17013,661334,15817534,19139670
Canada,44207,0,668183,0,17130,668183,15919371,19260709
Canada,44208,0,674470,0,17277,674470,16027037,19355884
Canada,44209,0,681330,0,17428,681330,16134381,19449427
Canada,44210,0,688895,0,17582,688895,16263519,19569464
Canada,44211,0,695704,0,17728,695704,16396862,19713708
Canada,44212,0,702767,0,17882,702767,16496598,19860051
Canada,44213,0,709847,0,18040,709847,16577211,20001761
Canada,44214,0,715072,0,18120,715072,16642497,20122360
Canada,44215,0,719751,0,18266,719751,16710272,20205977
Canada,44216,0,725495,0,18462,725495,16793158,20285433
Canada,44217,0,731450,0,18622,731450,16895320,20407889
Canada,44218,0,737407,0,18828,737407,16996450,20546199
Canada,44219,0,743058,0,18974,743058,16999231,20688427
Canada,44220,0,748381,0,19094,748381,17050539,20817447
Canada,44221,0,753011,0,19238,753011,17086340,20924370
Canada,44222,0,757022,0,19403,757022,17120912,21001832
Canada,44223,0,761226,0,19533,761226,17197915,21078482
Canada,44224,0,766103,0,19664,766103,17290560,21201895
Canada,44225,0,770793,0,19801,770793,17370146,21334846
Canada,44226,0,775456,0,19942,775456,17433226,21471772
Canada,44227,0,779853,0,20032,779853,17483364,21593178
Canada,44228,0,783589,0,20136,783589,0,21695238
Canada,44229,0,786417,0,20213,786417,0,21765562
Canada,44230,0,789651,0,20355,789651,0,21837984
Canada,44231,0,793734,0,20513,793734,0,21947836
Canada,44232,0,797756,0,20609,797756,0,22072745
Canada,44233,0,801485,0,20702,801485,0,22196761
Canada,44234,0,805153,0,20767,805153,0,22318959
Canada,44235,0,808120,0,20835,808120,0,22418263
Canada,44236,0,810797,0,20909,810797,0,22484611
Canada,44237,0,813982,0,21004,813982,0,22557097
Canada,44238,0,817163,0,21088,817163,0,22671229
Canada,44239,0,820306,0,21162,820306,0,22800850
Canada,44240,0,823805,0,21238,823805,0,22922404
Canada,44241,0,826667,0,21307,826667,0,23040160
Canada,44242,0,829189,0,21343,829189,0,23138775
Canada,44243,0,831576,0,21395,831576,0,23209222
Canada,44244,0,834181,0,21431,834181,0,23277743
Canada,44245,0,837495,0,21498,837495,0,23366022
Canada,44246,0,840586,0,21576,840586,0,23486748
Canada,44247,0,843805,0,21630,843805,0,23616086
Canada,44248,0,846630,0,21674,846630,0,23728396
Canada,44249,0,849508,0,21722,849508,0,23823141
Canada,44250,0,852298,0,21761,852298,0,23892820
Canada,44251,0,855194,0,21806,855194,0,23961860
Canada,44252,0,858328,0,21865,858328,0,24077706
Canada,44253,0,861547,0,21915,861547,0,24205430
Canada,44254,0,864842,0,21959,864842,0,24328417
Canada,44255,0,867694,0,21994,867694,0,24444017
Canada,44256,0,870290,0,22020,870290,0,24545470
Canada,44257,0,872747,0,22049,872747,0,24621134
Canada,44258,0,875559,0,22104,875559,0,24698266
Canada,44259,0,878391,0,22150,878391,0,24813290
Canada,44260,0,881754,0,22191,881754,0,24939113
Canada,44261,0,884630,0,22217,884630,0,25067769
Canada,44262,0,887655,0,22248,887655,0,25180543
Canada,44263,0,890692,0,22275,890692,0,25277398
Canada,44264,0,893512,0,22304,893512,0,25353457
Canada,44265,0,896735,0,22335,896735,0,25430035
Canada,44266,0,899757,0,22370,899757,0,25543898
Canada,44267,0,903216,0,22402,903216,0,25664264
Canada,44268,0,906755,0,22438,906755,0,25787862
Canada,44269,0,910200,0,22470,910200,0,25901412
Canada,44270,0,913046,0,22495,913046,0,25996238
Canada,44271,0,915865,0,22518,915865,0,26068778
Canada,44272,0,919249,0,22556,919249,0,26141455
Canada,44273,0,922848,0,22590,922848,0,26250640
Canada,44274,0,927062,0,22617,927062,0,26371705
Canada,44275,0,931072,0,22643,931072,0,26492049
Canada,44276,0,934938,0,22676,934938,0,26592828
Canada,44277,0,938713,0,22716,938713,0,26704383
Canada,44278,0,942319,0,22734,942319,0,26778301
Canada,44279,0,946360,0,22758,946360,0,26858481
Canada,44280,0,951560,0,22790,951560,0,26977663
Canada,44281,0,956655,0,22826,956655,0,27110501
Canada,44282,0,962019,0,22855,962019,0,27233666
Canada,44283,0,967145,0,22883,967145,0,27357887
Canada,44284,0,971719,0,22900,971719,0,27466380
Canada,44285,0,976597,0,22926,976597,0,27550308
Canada,44286,0,982110,0,22959,982110,0,27644520
Canada,44287,0,987915,0,23002,987915,0,27772855
Canada,44288,0,994836,0,23030,994836,0,27912267
Canada,44289,0,1001658,0,23050,1001658,0,28046932
Canada,44290,0,1008106,0,23075,1008106,0,28175556
Canada,44291,0,1014373,0,23118,1014373,0,28278838
Canada,44292,0,1020893,0,23141,1020893,0,28364201
Canada,44293,0,1028039,0,23173,1028039,0,28454447
Canada,44294,0,1036034,0,23211,1036034,0,28578085
Canada,44295,0,1045277,0,23249,1045277,0,28725342
Canada,44296,0,1053819,0,23296,1053819,0,28876246
Canada,44297,0,1062475,0,23329,1062475,0,29017883
Canada,44298,0,1071014,0,23356,1071014,0,29147591
Canada,44299,0,1078556,0,23392,1078556,0,29257856
Canada,44300,0,1087154,0,23445,1087154,0,29364607
Canada,44301,0,1096724,0,23500,1096724,0,29498439
Canada,44302,0,1106065,0,23541,1106065,0,29658759
Canada,44303,0,1114932,0,23591,1114932,0,29810138
Canada,44304,0,1123456,0,23622,1123456,0,29950139
Canada,44305,0,1131767,0,23667,1131767,0,30073460
Canada,44306,0,1139042,0,23713,1139042,0,30175632
Canada,44307,0,1147461,0,23767,1147461,0,30281436
Canada,44308,0,1155842,0,23822,1155842,0,30418457
Canada,44309,0,1164580,0,23879,1164580,0,30559306
Canada,44310,0,1172885,0,23936,1172885,0,30705297
Canada,44311,0,1180714,0,23979,1180714,0,30840738
Canada,44312,0,1187917,0,24017,1187917,0,30960379
Canada,44313,0,1194986,0,24063,1194986,0,31064387
Canada,44314,0,1202735,0,24112,1202735,0,31173221
Canada,44315,0,1211078,0,24169,1211078,0,31325175
Canada,44316,0,1219418,0,24219,1219418,0,31479292
Canada,44317,0,1227868,0,24261,1227868,0,31629802
Canada,44318,0,1235696,0,24300,1235696,0,31756698
Canada,44319,0,1243261,0,24338,1243261,0,31897888
Canada,44320,0,1249949,0,24393,1249949,0,32009489
Canada,44321,0,1257339,0,24450,1257339,0,32127668
Canada,44322,0,1265340,0,24487,1265340,0,32266260
Canada,44323,0,1273166,0,24529,1273166,0,32408919
Canada,44324,0,1280564,0,24580,1280564,0,32549753
Canada,44325,0,1287861,0,24642,1287861,0,32656754
Canada,44326,0,1294199,0,24682,1294199,0,32746783
Canada,44327,0,1299581,0,24713,1299581,0,32867352
Canada,44328,0,1305793,0,24765,1305793,0,33001128
Canada,44329,0,1312412,0,24825,1312412,0,33130218
Canada,44330,0,1318412,0,24868,1318412,0,33260624
Canada,44331,0,1324122,0,24908,1324122,0,33383698
Canada,44332,0,1329518,0,24948,1329518,0,33482165
Canada,44333,0,1334106,0,24981,1334106,0,33592273
Canada,44334,0,1338140,0,25018,1338140,0,33668274
Canada,44335,0,1342387,0,25066,1342387,0,33754111
Canada,44336,0,1347439,0,25111,1347439,0,33863629
Canada,44337,0,1352121,0,25162,1352121,0,33979043
Canada,44338,0,1356121,0,25203,1356121,0,34083113
Canada,44339,0,1359859,0,25231,1359859,0,34156885
Canada,44340,0,1363010,0,25273,1363010,0,34218813
Canada,44341,0,1365512,0,25323,1365512,0,34315351
Canada,44342,0,1368104,0,25360,1368104,0,34372343
Canada,44343,0,1371069,0,25409,1371069,0,34449561
Canada,44344,0,1374273,0,25440,1374273,0,34550157
Canada,44345,0,1376991,0,25485,1376991,0,34650354
Canada,44346,0,1379464,0,25520,1379464,0,34717353
Canada,44347,0,1381573,0,25547,1381573,0,34790069
Canada,44348,0,1383211,0,25566,1383211,0,34862859
Canada,44349,0,1385273,0,25612,1385273,0,34927927
Canada,44350,0,1387442,0,25644,1387442,0,35017704
Canada,44351,0,1389502,0,25677,1389502,0,35104681
Canada,44352,0,1391389,0,25720,1391389,0,35162931
Canada,44353,0,1392910,0,25734,1392910,0,35171179
Canada,44354,0,1394142,0,25761,1394142,0,35317305
Canada,44355,0,1395410,0,25791,1395410,0,35364353
Canada,44356,0,1396813,0,25843,1396813,0,35422973
Canada,44357,0,1398292,0,25873,1398292,0,35504029
Canada,44358,0,1399717,0,25886,1399717,0,35581916
Canada,44359,0,1401102,0,25913,1401102,0,35639265
Canada,44360,0,1402335,0,25930,1402335,0,35647517
Canada,44361,0,1403284,0,25942,1403284,0,35785462
Canada,44362,0,1404091,0,25971,1404091,0,35830746
Canada,44363,0,1405139,0,25999,1405139,0,35889917
Canada,44364,0,1406246,0,26012,1406246,0,35974549
Canada,44365,0,1407258,0,26023,1407258,0,36052705
Canada,44366,0,1408217,0,26054,1408217,0,36104847
Canada,44367,0,1409019,0,26075,1409019,0,36111298
Canada,44368,0,1409579,0,26083,1409579,0,36243642
Canada,44369,0,1410200,0,26154,1410200,0,36287490
Canada,44370,0,1410925,0,26175,1410925,0,36344745
Canada,44371,0,1411633,0,26192,1411633,0,36415725
Canada,44372,0,1412301,0,26199,1412301,0,36484663
Canada,44373,0,1412969,0,26216,1412969,0,36527044
Canada,44374,0,1413474,0,26231,1413474,0,36533130
Canada,44375,0,1414134,0,26242,1414134,0,36643986
Canada,44376,0,1414736,0,26273,1414736,0,36705571
Canada,44377,0,1415284,0,26294,1415284,0,36768392
Canada,44378,0,1415888,0,26317,1415888,0,36834559
Canada,44379,0,1416316,0,26338,1416316,0,36897574
Canada,44380,0,1416732,0,26348,1416732,0,36942317
Canada,44381,0,1417256,0,26360,1417256,0,36946410
Canada,44382,0,1417635,0,26368,1417635,0,37043785
Canada,44383,0,1418073,0,26381,1418073,0,37086569
Canada,44384,0,1418627,0,26387,1418627,0,37148758
Canada,44385,0,1419194,0,26405,1419194,0,37215006
Canada,44386,0,1419964,0,26419,1419964,0,37279413
Canada,44387,0,1420355,0,26428,1420355,0,37328076
Canada,44388,0,1420830,0,26437,1420830,0,37332815
Canada,44389,0,1421102,0,26438,1421102,0,37454055
Canada,44390,0,1421438,0,26450,1421438,0,37564476
Canada,44391,0,1421819,0,26458,1421819,0,37613760
Canada,44392,0,1422244,0,26472,1422244,0,37679387
Canada,44393,0,1422641,0,26489,1422641,0,37747547
Canada,44394,0,1423021,0,26492,1423021,0,37794221
Canada,44395,0,1423519,0,26499,1423519,0,37798244
Canada,44396,0,1423784,0,26503,1423784,0,37907486
Canada,44397,0,1424123,0,26507,1424123,0,37947701
Canada,44398,0,1424523,0,26512,1424523,0,37994540
Canada,44399,0,1425093,0,26526,1425093,0,38054565
Canada,44400,0,1425711,0,26539,1425711,0,38111273
Canada,44401,0,1426228,0,26544,1426228,0,38147318
Canada,44402,0,1426903,0,26547,1426903,0,38151412
Canada,44403,0,1427339,0,26552,1427339,0,38267346
Canada,44404,0,1427917,0,26559,1427917,0,38306209
Canada,44405,0,1428682,0,26569,1428682,0,38351116
Canada,44406,0,1429576,0,26574,1429576,0,38409370
Canada,44407,0,1430483,0,26587,1430483,0,38466868
Canada,44408,0,1431252,0,26593,1431252,0,38529118
Canada,44409,0,1432338,0,26595,1432338,0,38577856
Canada,44410,0,1433039,0,26596,1433039,0,38617593
Canada,44411,0,1433776,0,26602,1433776,0,38652288
Canada,44412,0,1434734,0,26614,1434734,0,38713636
Canada,44413,0,1436181,0,26632,1436181,0,38767873
Canada,44414,0,1437701,0,26653,1437701,0,38835904
Canada,44415,0,1439068,0,26662,1439068,0,38888507
Canada,44416,0,1440878,0,26668,1440878,0,38893417
Canada,44417,0,1442087,0,26676,1442087,0,39024434
Canada,44418,0,1443433,0,26682,1443433,0,39070051
Canada,44419,0,1445294,0,26687,1445294,0,39125185
Canada,44420,0,1447435,0,26691,1447435,0,39199157
Canada,44421,0,1449851,0,26696,1449851,0,39271289
Canada,44422,0,1452110,0,26699,1452110,0,39325874
Canada,44423,0,1453995,0,26699,1453995,0,39330648
Canada,44424,0,1455974,0,26704,1455974,0,39453066
Canada,44425,0,1457754,0,26719,1457754,0,39519480
Canada,44426,0,1460172,0,26760,1460172,0,39577444
Canada,44427,0,1462904,0,26783,1462904,0,39653674
Canada,44428,0,1465866,0,26789,1465866,0,39731231
Canada,44429,0,1468744,0,26790,1468744,0,39810642
Canada,44430,0,1471587,0,26796,1471587,0,39875242
Canada,44431,0,1473645,0,26814,1473645,0,39932569
Canada,44432,0,1475978,0,26849,1475978,0,40004893
Canada,44433,0,1479304,0,26855,1479304,0,40067104
Canada,44434,0,1482668,0,26864,1482668,0,40150588
Canada,44435,0,1486436,0,26890,1486436,0,40235533
Canada,44436,0,1490354,0,26898,1490354,0,40325147
Canada,44437,0,1493521,0,26901,1493521,0,40405800
Canada,44438,0,1496256,0,26918,1496256,0,40476190
Canada,44439,0,1499165,0,26932,1499165,0,40539628
Canada,44440,0,1503003,0,26962,1503003,0,40605632
Canada,44441,0,1507051,0,26991,1507051,0,40693199
Canada,44442,0,1511212,0,27006,1511212,0,40781599
Canada,44443,0,1515235,0,27017,1515235,0,40870304
Canada,44444,0,1519369,0,27021,1519369,0,40949451
Canada,44445,0,1522327,0,27024,1522327,0,41023323
Canada,44446,0,1525646,0,27067,1525646,0,41085040
Canada,44447,0,1529287,0,27107,1529287,0,41151117
Canada,44448,0,1533465,0,27134,1533465,0,41228302
Canada,44449,0,1538093,0,27170,1538093,0,41324700
Canada,44450,0,1542954,0,27189,1542954,0,41422407
Canada,44451,0,1547179,0,27198,1547179,0,41513340
Canada,44452,0,1551076,0,27237,1551076,0,41593358
Canada,44453,0,1555120,0,27263,1555120,0,41668860
Canada,44454,0,1559403,0,27305,1559403,0,41752512
Canada,44455,0,1564092,0,27325,1564092,0,41861477
Canada,44456,0,1569186,0,27370,1569186,0,41973569
Canada,44457,0,1573722,0,27384,1573722,0,42088413
Canada,44458,0,1578057,0,27395,1578057,0,42190807
Canada,44459,0,1581914,0,27434,1581914,0,42287266
Canada,44460,0,1585732,0,27488,1585732,0,42370518
Canada,44461,0,1589584,0,27537,1589584,0,42461133
Canada,44462,0,1594202,0,27581,1594202,0,42578032
Canada,44463,0,1598807,0,27620,1598807,0,42704817
Canada,44464,0,1603759,0,27642,1603759,0,42825153
Canada,44465,0,1608092,0,27653,1608092,0,42921513
Canada,44466,0,1612371,0,27699,1612371,0,43006019
Canada,44467,0,1615859,0,27754,1615859,0,43124516
Canada,44468,0,1620137,0,27819,1620137,0,43215201
Canada,44469,0,1624725,0,27871,1624725,0,43332881
Canada,44470,0,1629142,0,27921,1629142,0,43456266
Canada,44471,0,1633569,0,27945,1633569,0,43577069
Canada,44472,0,1637203,0,27953,1637203,0,43676750
Canada,44473,0,1640606,0,28001,1640606,0,43775201
Canada,44474,0,1643420,0,28050,1643420,0,43857667
Canada,44475,0,1647136,0,28112,1647136,0,43945130
Canada,44476,0,1651236,0,28141,1651236,0,44067861
Canada,44477,0,1655364,0,28186,1655364,0,44186056
Canada,44478,0,1659065,0,28198,1659065,0,44307047
Canada,44479,0,1662595,0,28208,1662595,0,44411929
Canada,44480,0,1665252,0,28220,1665252,0,44502130
Canada,44481,0,1667575,0,28289,1667575,0,44572076
Canada,44482,0,1670215,0,28367,1670215,0,44641851
Canada,44483,0,1673408,0,28421,1673408,0,44725696
Canada,44484,0,1676846,0,28468,1676846,0,44836340
Canada,44485,0,1680193,0,28481,1680193,0,44950458
Canada,44486,0,1683087,0,28493,1683087,0,45052678
Canada,44487,0,1685359,0,28564,1685359,0,45140412
Canada,44488,0,1687616,0,28603,1687616,0,45212799
Canada,44489,0,1690258,0,28644,1690258,0,45290975
Canada,44490,0,1693152,0,28667,1693152,0,45394437
Canada,44491,0,1695914,0,28729,1695914,0,45496284
Canada,44492,0,1698465,0,28745,1698465,0,45589866
Canada,44493,0,1700745,0,28749,1700745,0,45676990
Canada,44494,0,1702601,0,28805,1702601,0,45754874
Canada,44495,0,1704374,0,28840,1704374,0,45819418
Canada,44496,0,1706870,0,28881,1706870,0,45883647
Canada,44497,0,1709536,0,28928,1709536,0,45995324
Canada,44498,0,1712128,0,28952,1712128,0,46092312
Canada,44499,0,1714503,0,28965,1714503,0,46185114
Canada,44500,0,1716559,0,28970,1716559,0,46257864
Canada,44501,0,1718496,0,29023,1718496,0,46323948
Canada,44502,0,1720349,0,29056,1720349,0,46407041
Canada,44503,0,1722573,0,29094,1722573,0,46478368
Canada,44504,0,1725150,0,29114,1725150,0,46580546
Canada,44505,0,1727683,0,29132,1727683,0,46679607
Canada,44506,0,1730437,0,29143,1730437,0,46777726
Canada,44507,0,1732879,0,29156,1732879,0,46868480
Canada,44508,0,1735017,0,29193,1735017,0,46950290
Canada,44509,0,1737404,0,29217,1737404,0,47022347
Canada,44510,0,1740005,0,29249,1740005,0,47095842
Canada,44511,0,1742721,0,29267,1742721,0,47200157
Canada,44512,0,1745349,0,29309,1745349,0,47295997
Canada,44513,0,1747987,0,29324,1747987,0,47385514
Canada,44514,0,1750297,0,29340,1750297,0,47466188
Canada,44515,0,1752468,0,29384,1752468,0,47540334
Canada,44516,0,1754383,0,29403,1754383,0,47608467
Canada,44517,0,1756805,0,29431,1756805,0,47678781
Canada,44518,0,1759559,0,29462,1759559,0,47790440
Canada,44519,0,1762434,0,29481,1762434,0,47889820
Canada,44520,0,1765329,0,29492,1765329,0,47983902
Canada,44521,0,1767790,0,29501,1767790,0,48068518
Canada,44522,0,1770095,0,29523,1770095,0,48148527
Canada,44523,0,1772330,0,29555,1772330,0,48215038
Canada,44524,0,1774936,0,29579,1774936,0,48289085
Canada,44525,0,1777814,0,29600,1777814,0,48388185
Canada,44526,0,1782171,0,29618,1782171,0,48485587
Canada,44527,0,1785191,0,29634,1785191,0,48582806
Canada,44528,0,1787810,0,29643,1787810,0,48666978
Canada,44529,0,1790142,0,29670,1790142,0,48740327
Canada,44530,0,1792494,0,29686,1792494,0,48807147
Canada,44531,0,1795640,0,29713,1795640,0,48895595
Canada,44532,0,1798862,0,29737,1798862,0,49000664
Canada,44533,0,1802359,0,29757,1802359,0,49099908
Canada,44534,0,1805967,0,29768,1805967,0,49239892
Canada,44535,0,1809368,0,29773,1809368,0,49332335
Canada,44536,0,1812244,0,29800,1812244,0,49415557
Canada,44537,0,1815211,0,29827,1815211,0,49518440
Canada,44538,0,1818741,0,29851,1818741,0,49600916
Canada,44539,0,1822999,0,29876,1822999,0,49711113
Canada,44540,0,1827755,0,29900,1827755,0,49829014
Canada,44541,0,1832684,0,29914,1832684,0,49946184
Canada,44542,0,1836990,0,29926,1836990,0,50051754
Canada,44543,0,1841139,0,29941,1841139,0,50147977
Canada,44544,0,1845527,0,29969,1845527,0,50263570
Canada,44545,0,1851402,0,29993,1851402,0,50364181
Canada,44546,0,1858527,0,30012,1858527,0,50492289
Canada,44547,0,1867700,0,30032,1867700,0,50635831
Canada,44548,0,1877102,0,30043,1877102,0,50781760
Canada,44549,0,1887707,0,30050,1887707,0,50923671
Canada,44550,0,1898380,0,30062,1898380,0,51062934
Canada,44551,0,1910059,0,30085,1910059,0,51200748
Canada,44552,0,1925061,0,30113,1925061,0,51335354
Canada,44553,0,1945754,0,30131,1945754,0,51486352
Canada,44554,0,1961723,0,30143,1961723,0,51664665
Canada,44555,0,1979125,0,30146,1979125,0,51845879
Canada,44556,0,1994149,0,30153,1994149,0,52022712
Canada,44557,0,2043297,0,30189,2043297,0,52158753
Canada,44558,0,2070350,0,30218,2070350,0,52277276
Canada,44559,0,2102470,0,30253,2102470,0,52408105
Canada,44560,0,2142472,0,30280,2142472,0,52560743
Canada,44561,0,2188309,0,30319,2188309,0,52662229
Canada,44562,0,2234427,0,30339,2234427,0,52758293
Canada,44563,0,2279756,0,30369,2279756,0,52773950
Canada,44564,0,2317833,0,30399,2317833,0,52788460
Canada,44565,0,2355241,0,30455,2355241,0,53389738
Canada,44566,0,2394674,0,30524,2394674,0,53527515
Canada,44567,0,2437811,0,30584,2437811,0,53673329
Canada,44568,0,2482142,0,30667,2482142,0,53826002
Canada,44569,0,2523198,0,30743,2523198,0,53926601
Canada,44570,0,2561786,0,30788,2561786,0,53944481
Canada,44571,0,2595960,0,30843,2595960,0,54289765
Canada,44572,0,2624909,0,30957,2624909,0,54405632
Canada,44573,0,2657384,0,31082,2657384,0,54573342
Canada,44574,0,2688741,0,31190,2688741,0,54722072
Canada,44575,0,2720411,0,31323,2720411,0,54865536
Canada,44576,0,2749307,0,31466,2749307,0,54955555
Canada,44577,0,2777845,0,31544,2777845,0,54965957
Canada,44578,0,2801451,0,31679,2801451,0,55234662
Canada,44579,0,2822614,0,31827,2822614,0,55395805
Canada,44580,0,2844911,0,32008,2844911,0,55492076
Canada,44581,0,2868862,0,32220,2868862,0,55602784
